NURSCO,NURNAME,SAMPLE,entry,CLASS,NAMET,pedigree,LOCATION,loccode,year1,year0,mmbran,mmflour,mmmids,microsd,FSDS,FSR_C,FSR_L,FSR_W,FSR_S,LDOPA,TWT,SKHRD,SKHRDSD,SKWT,SKWTSD,SKSIZE,SKSIZESD,FPROT,FASH,FYELD,MSCOR,BKFYELD,CODI,CAVOL
95,SOFT ELITE,19,19,CLUB,08X035-0-0-2*CAW,WA007970/CARA-0-2,PENDLETON,ADV,2018,2017,3.36,4.2,8.98,2,6.4,79,105.1,47.2,98.8,1.579,59.1,31.02,16.4,29.4,8.07,2.35,0.34,9,0.41,72.2,86.9,52.9,9.41,1360
95,SOFT ELITE,20,20,CLUB,08X035-0-0-3*CAW,WA007970/CARA-0-3,PENDLETON,ADV,2018,2017,3.62,4.05,12.1,1.4,7,78.6,102.3,47.1,101.2,1.406,59.6,33.71,16.2,31,8.94,2.4,0.33,8.2,0.45,72.4,84.6,52.4,9.48,1275
95,SOFT ELITE,21,21,CLUB,08X132-0-0-10*CBW,ORH010085/ARS970278-2C-0-10,PENDLETON,ADV,2018,2017,3.66,3.52,12.4,2.6,7.9,79.4,116.2,48,72.2,0.748,62.4,38.55,16.9,35.1,9.94,2.59,0.38,8.6,0.38,69.1,84.9,47.8,9.51,1205
95,SOFT ELITE,22,22,CLUB,09X151-0-0-10*CBW,X96283t284-2C/IDO629//X96283t284-2C-0-10,PENDLETON,ADV,2018,2017,3.43,3.87,11.9,1.3,5,74,92.5,45.9,68.3,0.825,64.5,41.96,14.7,34.6,8.67,2.69,0.36,8.9,0.33,71.2,90.8,52.5,9.65,1280
95,SOFT ELITE,23,23,CLUB,09X155-0-0-3*CBW,X96283t284-2C/IDO645//X96283t284-2C-0-3,PENDLETON,ADV,2018,2017,4.08,3.99,11.1,1.9,7.3,83.8,106.6,49.5,73.6,0.681,64.1,46.89,18.4,32.7,10.4,2.65,0.35,10,0.3,69.6,90.6,47.9,9.18,1205
95,SOFT ELITE,27,27,CLUB,09X468-0-0-11*CAW,ARS970075-3/P99840C4-8-4//ARS970075-3-0-11,PENDLETON,ADV,2018,2017,4.27,3.92,12.6,1.1,4.4,79.1,84,49.6,68.8,0.812,63.4,49.14,17.6,35.4,9.53,2.67,0.39,8.8,0.35,69.9,87.8,47.2,9.13,1155
95,SOFT ELITE,28,28,CLUB,09X481-0-0-4*CBW,ARSC960097/P99840C4-8-4//ARSC960097-0-4,PENDLETON,ADV,2018,2017,3.66,3.82,11,1.1,4.7,76.4,86.3,49.3,69.1,0.909,64.3,42.12,18.3,34.9,10.7,2.62,0.35,9,0.32,70.5,90.5,51.9,9.26,1230
111,SOFT ELITE,2,2,CLUB,09X481-0-0-4*CBW,ARSC960097/P99840C4-8-4//ARSC960097-0-4,PENDLETON,ADV,2019,2018,4.18,6.25,11.3,-9,5.3,,,53.2,,0.874,63.6,30.04,16.4,33.7,8.52,2.53,0.37,7.8,0.33,69.8,89,53.5,9.31,1260
95,SOFT ELITE,29,29,CLUB,09X488-0-0-1*CBW,ARSC960097/VA03W-412//ARSC960097-0-1,PENDLETON,ADV,2018,2017,4.19,3.93,12.1,0.5,4.1,80.6,79.8,47.8,67.8,0.635,64.4,36.36,15.3,32.8,7.81,2.67,0.34,7.7,0.39,72.5,88.6,51.2,9.39,1250
111,SOFT ELITE,3,3,CLUB,09X488-0-0-1*CBW,ARSC960097/VA03W-412//ARSC960097-0-1,PENDLETON,ADV,2019,2018,4.67,5.96,10.6,-9,6.1,,,50.4,,0.617,63,20.62,15.3,32.7,7.62,2.61,0.35,7.9,0.32,70.3,90.3,53,9.44,1295
95,SOFT ELITE,30,30,CLUB,09X488-0-0-3*CBW,ARSC960097/VA03W-412//ARSC960097-0-3,PENDLETON,ADV,2018,2017,4.73,4.57,12.2,0.6,4.7,79.2,85.1,45.8,69,0.917,64.9,20.64,13.9,39.1,7.01,2.82,0.27,8.7,0.4,73,88.6,53.1,9.63,1140
95,SOFT ELITE,31,31,CLUB,09X489-0-0-1*CBW,ARSC96059-2/IL01-11934//ARSC96059-2-0-1,PENDLETON,ADV,2018,2017,3.69,3.94,11.2,1.4,5.3,79.8,90,45.8,68.9,0.569,64,31.07,14.9,38.9,8.11,2.87,0.3,8.5,0.36,72.5,90.5,51.4,9.25,1200
95,SOFT ELITE,37,37,CLUB,09X492-0-0-1*CBW,ARSC96059-2/IL01-11934//ARSC96059-2-0-1,PENDLETON,ADV,2018,2017,3.5,4.08,11.2,1.4,5.3,77.8,88.7,47.3,67.9,0.643,63.2,19.77,13.9,35.1,7.62,2.74,0.34,10.6,0.42,71.5,85.4,51.8,9.5,1075
111,SOFT ELITE,7,7,CLUB,09X492-0-0-1*CBW,ARSC96059-2/IL01-11934//ARSC96059-2-0-1,PENDLETON,ADV,2019,2018,4.26,6.29,10.4,-9,5.5,,,53.5,,0.528,61.9,7.315,15.8,36.8,10.3,2.69,0.43,7.4,0.4,71,86.1,53.4,9.59,1240
95,SOFT ELITE,39,39,CLUB,09X492-0-0-6*CBW,ARSC96059-2/IL01-11934//ARSC96059-2-0-6,PENDLETON,ADV,2018,2017,3.97,4.08,12.4,0.2,2.6,75.6,66.6,46.8,66.7,0.502,63.4,19.67,15.2,37.6,10.2,2.82,0.37,8.2,0.36,72.8,90.9,53,9.82,1290
111,SOFT ELITE,8,8,CLUB,09X492-0-0-6*CBW,ARSC96059-2/IL01-11934//ARSC96059-2-0-6,PENDLETON,ADV,2019,2018,4.94,5.89,11.3,-9,4.1,,,52,,0.569,61.2,3.797,17.9,35.8,10,2.68,0.42,7.2,0.35,73.6,92.5,56.9,9.57,1195
95,SOFT ELITE,40,40,CLUB,09X492-0-0-7*CBW,ARSC96059-2/IL01-11934//ARSC96059-2-0-7,PENDLETON,ADV,2018,2017,3.53,4.81,10.7,1.2,5.8,77.1,77.3,48.8,68.1,0.526,63.2,21.69,16,36.8,9.94,2.74,0.35,9.9,0.43,71.6,84.9,50.7,9.73,1150
95,SOFT ELITE,44,44,CLUB,09X500-0-0-1*CBW,,PENDLETON,ADV,2018,2017,4.36,4.28,10.1,0.8,5,59.1,68.8,47.4,99.2,1.078,64.2,24.6,14.2,38.6,7.55,2.77,0.34,9.1,0.32,69.6,89.4,50.8,9.43,1285
95,SOFT ELITE,45,45,CLUB,09X500-0-0-14*CBW,ARSC96059-2/VA03W-412//ARSC96059-2-0-14,PENDLETON,ADV,2018,2017,3.99,4.63,11.8,1.3,5.5,59.7,66.8,47.3,99.9,0.505,65.1,31.8,13.8,36.3,7.6,2.76,0.32,8.5,0.35,71.9,90.4,51.6,9.32,1130
111,SOFT ELITE,11,11,CLUB,09X500-0-0-14*CBW,ARSC96059-2/VA03W-412//ARSC96059-2-0-14,PENDLETON,ADV,2019,2018,4.6,6.18,11.4,-9,7.6,,,53.6,,0.584,63.9,23.53,20.5,33.5,9.71,2.55,0.4,8.6,0.39,71.9,87.8,54.5,9.44,1230
95,SOFT ELITE,46,46,CLUB,09X500-0-0-16*CAW,ARSC96059-2/VA03W-412//ARSC96059-2-0-16,PENDLETON,ADV,2018,2017,3.81,3.81,10.6,0.8,3.5,58.5,58.4,45.9,98.9,0.613,63.6,36.15,16.7,34.7,8.84,2.62,0.29,9.5,0.33,69.9,89.1,50.4,9.65,1255
95,SOFT ELITE,47,47,CLUB,09X500-0-0-17*CBW,ARSC96059-2/VA03W-412//ARSC96059-2-0-17,PENDLETON,ADV,2018,2017,4.13,4.04,11.2,1.2,4.1,58.9,65.5,47.4,95.1,0.58,64.9,30.56,17,36.6,9.98,2.69,0.34,8.7,0.34,71.9,91,51.5,9.54,1185
111,SOFT ELITE,12,12,CLUB,09X500-0-0-17*CBW,ARSC96059-2/VA03W-412//ARSC96059-2-0-17,PENDLETON,ADV,2019,2018,4.51,6.51,11.1,-9,6.1,,,55.5,,0.586,63.5,18.85,18.9,35.7,9.71,2.62,0.4,7.1,0.37,71.2,88.2,54.3,9.39,1305
95,SOFT ELITE,48,48,CLUB,09X500-0-0-4*CBW,ARSC96059-2/VA03W-412//ARSC96059-2-0-4,PENDLETON,ADV,2018,2017,3.87,3.64,11.5,1.4,5.3,61.1,65.1,49.9,91.7,0.913,65.4,46.94,14.2,36.3,8.55,2.74,0.34,8.6,0.35,70.6,88.7,49.3,9.4,1205
95,SOFT ELITE,49,49,CLUB,10X020-0-1*CBW,ORH010085/ID-9222407A//ARS970042-1C-1,PENDLETON,ADV,2018,2017,3.08,3.54,10.4,1.2,3.8,58.9,58.9,46.2,94.2,1.318,61.4,29.73,17.7,35.2,7.56,2.66,0.32,9.6,0.38,71.8,88.3,50.5,9.63,1215
104,SOFT ELITE,6,6,CLUB,10X021-0-0-19-90C,SIMON/ORH010085//ARS970042-1C-1,PENDLETON,ADV,2017,2016,5.01,2.62,11.4,2.6,8.7,65.7,98,51.4,91.5,0.467,59.8,25.76,15.3,26.2,7.37,2.35,0.31,10.4,0.39,65.5,79.7,44,9.31,
95,SOFT ELITE,50,50,CLUB,10X022-0-1*CBW,9364901A/WA008066//ARS970042-1C-1,PENDLETON,ADV,2018,2017,3.7,4.3,10.7,1.9,7.3,58,76.9,46.5,95,1.031,61.9,37.53,18.1,33.3,9.54,2.47,0.34,8.6,0.34,68.4,86.6,48.1,9.34,1250
95,SOFT ELITE,51,51,CLUB,10X022-0-10*CBW,9364901A/WA008066//ARS970042-1C-10,PENDLETON,ADV,2018,2017,3.64,3.83,10.5,1.4,5.8,60.2,64.7,47.1,92.6,0.778,63.7,35.1,15.4,32.8,8.78,2.54,0.34,8.4,0.33,72.5,92.4,51.7,9.56,1220
95,SOFT ELITE,52,52,CLUB,10X022-0-11*CBW,9364901A/WA008066//ARS970042-1C-11,PENDLETON,ADV,2018,2017,3.63,3.73,11,1,6.1,59.5,66.2,48.2,97.7,1.331,64.7,24.67,18.4,36.8,8.4,2.69,0.35,8.8,0.35,72.5,91.1,52,9.51,1200
95,SOFT ELITE,53,53,CLUB,10X022-0-19*CBW,9364901A/WA008066//ARS970042-1C-19,PENDLETON,ADV,2018,2017,3.6,4.95,10.1,1,5.3,59.6,64.9,47.4,95.7,1.27,62.5,19.3,16.4,36.7,8.89,2.62,0.36,8.7,0.34,72.2,91.4,52.4,9.7,1220
111,SOFT ELITE,13,13,CLUB,10X022-0-19*CBW,9364901A/WA008066//ARS970042-1C-19,PENDLETON,ADV,2019,2018,3.89,7.69,10.2,-9,6.7,,,53.5,,1.538,62,11.19,17.7,37.4,9.08,2.61,0.35,8.4,0.37,73.7,91.4,54.9,9.45,1245
95,SOFT ELITE,54,54,CLUB,10X022-0-23*CBW,9364901A/WA008066//ARS970042-1C-23,PENDLETON,ADV,2018,2017,3.93,4.23,11.4,1.1,4.7,60.3,67.9,50,87.2,0.75,64.1,38.89,16.1,35.5,8.89,2.55,0.34,8.3,0.32,69.4,89.1,48.3,9.4,1150
95,SOFT ELITE,55,55,CLUB,10X022-0-4*CBW,9364901A/WA008066//ARS970042-1C-4,PENDLETON,ADV,2018,2017,3.8,3.53,10.6,0.2,5.3,57.3,57.9,46,95.1,1.248,62.6,38.83,18,31.9,7.71,2.53,0.33,9,0.35,70.6,88.7,49.1,9.61,1230
95,SOFT ELITE,56,56,CLUB,10X022-0-9*CBW,9364901A/WA008066//ARS970042-1C-9,PENDLETON,ADV,2018,2017,4.43,4.78,10.3,1.1,5.5,59.4,69,45.8,92.3,0.808,64.1,27.02,17.6,34.4,8.54,2.53,0.34,8.2,0.33,72,91.8,52.3,9.59,1230
111,SOFT ELITE,14,14,CLUB,10X022-0-9*CBW,9364901A/WA008066//ARS970042-1C-9,PENDLETON,ADV,2019,2018,4.79,6.8,10.4,-9,6.4,,,53.2,,0.834,62.5,16.66,18.2,33.2,8.49,2.44,0.31,7,0.38,72.8,89.6,55.7,9.64,1295
104,SOFT ELITE,7,7,CLUB,10X023-0-0-42-84C,9364901A/WA008066//ARS970042-1C-1,PENDLETON,ADV,2017,2016,4.86,2.67,11.8,2.8,9,67.2,87.6,54.4,93.9,1.215,57.7,33.37,17.6,29,8.09,2.45,0.29,10.9,0.38,66,81,42.7,9.15,
104,SOFT ELITE,8,8,CLUB,10X023-0-0-56-87C,9364901A/WA008066//ARS970042-1C-1,PENDLETON,ADV,2017,2016,5.63,2.15,11.7,1.7,6.7,65.6,81.6,54.8,91.1,0.678,58.7,30.74,16,26.1,8.38,2.29,0.25,10.9,0.43,66.8,78.8,45.3,9.41,
111,SOFT ELITE,15,15,CLUB,12X003-0-1-20-CAW,X010719-3L/BRUNEAU,PENDLETON,ADV,2019,2018,4.03,6.78,11.8,-9,9,,,51.8,,1.033,64.1,24.88,15.2,38.3,11,2.61,0.4,9.3,0.37,71.9,89.1,51.1,9.25,1215
111,SOFT ELITE,16,16,SWW,12X003-0-1-21-LBW,X010719-3L/BRUNEAU,PENDLETON,ADV,2019,2018,4.2,6.12,11.8,-9,7.9,,,55,,0.919,63.5,23.65,14.6,38.3,9.12,2.71,0.37,7.3,0.32,70.2,90.1,51.8,9.25,1235
111,SOFT ELITE,17,17,SWW,12X003-0-1-34-LBW,X010719-3L/BRUNEAU,PENDLETON,ADV,2019,2018,4.63,6.07,11.8,-9,7.6,,,53.7,,1.005,63.3,20.78,17.6,38.4,10.6,2.7,0.42,8,0.3,71.9,93.6,53.4,9.31,1200
111,SOFT ELITE,18,18,SWW,12X003-0-1-72-LBW,X010719-3L/BRUNEAU,PENDLETON,ADV,2019,2018,4.32,6.42,11.9,-9,8.1,,,58.9,,1.048,63,26.47,14,38.5,8.81,2.74,0.32,8,0.33,71.3,90.9,51.3,9.13,1150
111,SOFT ELITE,19,19,SWW,12X004-0-1-35-LBW,X010719-3L/Bitterroot,PENDLETON,ADV,2019,2018,4.32,6.71,10.9,-9,9.9,,,57,,0.839,62.4,25.77,15.1,32.1,8.34,2.48,0.3,8.2,0.35,70.5,88.6,52.5,9.2,1090
111,SOFT ELITE,20,20,CLUB,12X015-0-1-68-CBW,X010746-5C/BRUNEAU,PENDLETON,ADV,2019,2018,3.83,5.55,11.4,-9,5,,,52.5,,2.126,61.4,28.54,16.4,35.4,9.63,2.57,0.35,8.9,0.37,71.7,88.9,52.4,9.39,1115
111,SOFT ELITE,23,23,CLUB,12X023-0-1-2-CBW,ARS010780-3C/JC103,PENDLETON,ADV,2019,2018,4.03,6.77,10.8,-9,4.1,,,54.1,,0.648,62.6,28.42,17.7,35.9,9.54,2.69,0.37,7.4,0.37,71,88,54.1,9.27,1270
111,SOFT ELITE,24,24,SWW,12X023-0-1-33-LBW,ARS010780-3C/JC103,PENDLETON,ADV,2019,2018,4.37,6.24,12.4,-9,5.5,,,53.5,,0.896,62.9,32.34,18.5,34.8,9.69,2.62,0.38,8.6,0.36,71.1,88.7,53.8,9.21,1200
111,SOFT ELITE,26,26,CLUB,12X023-0-1-42-CBW,ARS010780-3C/JC103,PENDLETON,ADV,2019,2018,4.41,5.81,11.8,-9,5,,,52.6,,0.559,62.7,29.63,16.7,36.1,9.24,2.71,0.38,7.7,0.37,71,88,53.9,9.05,1235
111,SOFT ELITE,27,27,CLUB,12X023-0-1-9-CBW,ARS010780-3C/JC103,PENDLETON,ADV,2019,2018,3.84,6.35,11.1,-9,5.3,,,56.2,,0.904,63.3,32.34,16.4,34.7,9.3,2.66,0.36,8,0.37,71.3,88.3,53.8,9.05,1245
111,SOFT ELITE,28,28,CLUB,12X024-0-1-37-CBW,ARS010780-3C/01-06806A,PENDLETON,ADV,2019,2018,4.21,6.78,12,-9,6.7,,,53.1,,0.484,65.7,32.75,13.3,36.7,8.57,2.87,0.31,8.9,0.37,70.4,87.2,52.7,9,1240
111,SOFT ELITE,29,29,CLUB,12X024-0-1-83-CBW,ARS010780-3C/01-06806A,PENDLETON,ADV,2019,2018,4.73,6.06,12.7,-9,4.7,,,52.5,,0.492,65.7,35.99,16.5,32.4,9.32,2.57,0.35,8.7,0.35,71.3,89.6,52.2,9.13,1265
111,SOFT ELITE,30,30,SWW,12X040-0-1-11-LBW,ARS990077-1C/Bitterroot,PENDLETON,ADV,2019,2018,3.74,6.58,11.7,-9,9,,,52.8,,1.747,64.4,18.66,17.7,40.3,9.42,2.81,0.38,9,0.33,69.7,88.9,52.4,9.25,1285
111,SOFT ELITE,31,31,SWW,12X040-0-1-16-LBW,ARS990077-1C/Bitterroot,PENDLETON,ADV,2019,2018,4.35,6.05,12,-9,6.4,,,51.7,,0.836,64.9,20.56,16.7,35.2,9.71,2.61,0.33,9.8,0.37,72.4,89.7,54.4,9.19,1250
111,SOFT ELITE,32,32,SWW,12X040-0-1-17-LBW,ARS990077-1C/Bitterroot,PENDLETON,ADV,2019,2018,4.32,6.24,11.4,-9,8.4,,,52.7,,1.438,63.1,19.85,15.2,33.2,9.45,2.55,0.32,8.4,0.37,71.1,88.1,54.8,9.32,1315
111,SOFT ELITE,33,33,SWW,12X040-0-1-3-LBW,ARS990077-1C/Bitterroot,PENDLETON,ADV,2019,2018,4.42,5.63,12,-9,5.8,,,51,,0.785,61.9,15.64,16.3,39.4,9.74,2.87,0.43,7.6,0.41,70.7,85,53.3,9.34,1310
111,SOFT ELITE,34,34,SWW,12X040-0-1-34-LBW,ARS990077-1C/Bitterroot,PENDLETON,ADV,2019,2018,3.84,6.26,11.9,-9,8.4,,,53.4,,1.033,64.3,24.74,16.8,36,11.7,2.64,0.35,8.9,0.33,71.1,90.6,53.4,9.32,1285
111,SOFT ELITE,35,35,SWW,12X046-0-1-16-LBW,ARS010704-1L/Bitterroot,PENDLETON,ADV,2019,2018,4.3,7.66,10.8,-9,9.6,,,51.3,,1.217,64.1,19.82,16.1,35.9,9.95,2.66,0.41,9.4,0.37,72.6,90,55.1,9.29,1325
111,SOFT ELITE,36,36,SWW,12X046-0-1-20-LBW,ARS010704-1L/Bitterroot,PENDLETON,ADV,2019,2018,4.68,5.29,12.5,-9,8.7,,,51.9,,1.084,63.3,24.2,14.9,36,8.79,2.66,0.36,8.7,0.36,71.5,89.2,53.7,9.3,1285
111,SOFT ELITE,37,37,CLUB,12X050-0-1-21-CBW,X010726-2C/WA008092,PENDLETON,ADV,2019,2018,4.51,7.02,12.1,-9,9,,,55.3,,0.544,63.8,34.86,16.9,33.8,8.38,2.45,0.34,8.5,0.35,70.6,88.7,52.3,9.2,1220
111,SOFT ELITE,38,38,CLUB,12X050-0-1-92-CBW,X010726-2C/WA008092,PENDLETON,ADV,2019,2018,3.87,6.2,11.2,-9,12.2,,,55.2,,1.067,63.2,24.86,15.4,35.9,9.81,2.57,0.35,10.1,0.41,70.1,84.3,49.6,9.05,1185
111,SOFT ELITE,40,40,CLUB,12X052-0-1-28-CBW,X010726-2C/Bitterroot,PENDLETON,ADV,2019,2018,4.1,7.82,9.87,-9,7.9,,,55.7,,0.739,63.7,43.28,15.1,34.4,8.46,2.64,0.36,8.1,0.38,68.8,84.5,48.4,9.02,1180
111,SOFT ELITE,43,43,SWW,12X069-0-1-42-LBW,X980336-5L/BRUNEAU,PENDLETON,ADV,2019,2018,4.72,6.52,11.9,-9,11,,,55.4,,1.586,64.3,27.42,14.3,39.5,8.91,2.72,0.32,9,0.37,70.9,87.8,52.2,8.89,1235
111,SOFT ELITE,44,44,CLUB,12X069-0-1-44-CBW,X980336-5L/BRUNEAU,PENDLETON,ADV,2019,2018,4.28,5.51,11.6,-9,9.3,,,54.2,,1.804,63.6,24.83,13.4,40.2,9.1,2.79,0.33,8,0.36,70.8,88.3,52.5,9.19,1265
111,SOFT ELITE,45,45,CLUB,12X069-0-1-56-CBW,X980336-5L/BRUNEAU,PENDLETON,ADV,2019,2018,3.84,6.17,11.3,-9,7.6,,,53.8,,1.51,63.1,17.71,14.3,41.4,9.9,2.76,0.37,7.3,0.35,71.3,89.6,53.4,9.23,1195
111,SOFT ELITE,46,46,SWW,12X070-0-1-16-LBW,X980336-5L/Bitterroot,PENDLETON,ADV,2019,2018,3.23,7.07,10.2,-9,6.7,,,54.9,,1.497,61.6,7.931,13.1,41.1,7.84,2.81,0.31,6.6,0.37,71,88,54.7,9.32,1285
111,SOFT ELITE,47,47,SWW,12X070-0-1-30-LBW,X980336-5L/Bitterroot,PENDLETON,ADV,2019,2018,4.01,7.12,11.4,-9,9.9,,,54.5,,1.414,63.4,27.95,14.4,39.4,8.01,2.72,0.3,9.1,0.35,71.7,90.1,53.9,9.2,1235
111,SOFT ELITE,48,48,SWW,12X070-0-1-37-LBW,X980336-5L/Bitterroot,PENDLETON,ADV,2019,2018,4.08,5.68,11.7,-9,10.2,,,52.9,,1.165,64.1,27.33,16.5,39.4,9.95,2.76,0.38,9.7,0.37,70,86.7,53.1,9.1,1260
111,SOFT ELITE,49,49,SWW,12X070-0-1-40-LBW,X980336-5L/Bitterroot,PENDLETON,ADV,2019,2018,4.43,6.04,12.2,-9,10.5,,,54.8,,1.084,63.8,25.86,13.2,41.1,8.35,2.8,0.3,10,0.36,69.8,87.1,53.1,8.98,1275
111,SOFT ELITE,50,50,SWW,12X070-0-1-47-LBW,X980336-5L/Bitterroot,PENDLETON,ADV,2019,2018,3.85,6.27,11.1,-9,9,,,53.8,,1.57,62.7,21.26,14.2,38.4,9.41,2.67,0.3,7.9,0.36,72.4,90.4,54.9,9.04,1275
92,SOFT ELITE,24,4,CLUB,2J100065-0-0-1,,FARMINGTON,PUL,2016,2015,5.17,3.94,11.2,,6.1,,,54,,,57.4,21.7,19.6,26.7,8.5,2.4,0.3,10,0.43,71.5,84.8,50.4,9.54,1340
104,SOFT ELITE,15,37,CLUB,2J100065-0-0-1,,PENDLETON,ADV,2017,2016,4.63,3.19,12.2,0.5,5.8,62.2,69.1,51.8,83.8,0.938,61.1,20.66,12.9,36.2,8.21,2.68,0.33,6.5,0.35,68.9,86.6,47.2,9.95,
92,SOFT ELITE,28,5,CLUB,2J100133-0-0-1,Bruehl/Coda-1,FARMINGTON,PUL,2016,2015,5.67,3.2,11.4,,10.5,,,53.6,,,56.4,19.6,19.1,29.1,8,2.4,0.3,11.3,0.5,67,74.6,44.9,9.3,1365
104,SOFT ELITE,16,38,CLUB,2J100133-0-0-1,Bruehl/Coda-1,PENDLETON,ADV,2017,2016,4.94,2.27,13,1.6,9,65.4,98.3,53.7,90.9,0.666,60.9,24.15,14.3,36.4,9.08,2.56,0.32,7.7,0.34,69.3,87.7,43.5,9.74,
95,SOFT ELITE,3,3,CLUB,2J100133-0-0-1,Bruehl/Coda-1,PENDLETON,ADV,2018,2017,3.91,4.31,11.7,2,6.4,79.4,119.6,47.8,104.9,0.749,61.3,34.04,15,37.2,9.12,2.61,0.33,9.4,0.39,69.3,84.5,48.2,9.45,1315
92,SOFT ELITE,44,7,CLUB,ARS-CRESCENT,Dusty//MDN sib/Dusty///WA7665/RULO,FARMINGTON,PUL,2016,2015,5.66,4.27,12.8,,4.7,,,52.7,,,59.7,31,19.4,29.3,6.6,2.4,0.3,9.4,0.36,70.5,88,47.3,9.5,1380
93,2ND CHANCE PRELIMINA,25,7,CLUB,ARS-CRESCENT,Dusty//MDN sib/Dusty///WA7665/RULO,PULLMAN,PUL,2016,2015,5.66,4.27,12.8,,4.7,69.6,65.3,53.2,89.4,1.321,59.8,29.3,17.8,29,6.7,2.4,0.3,10,0.4,71.1,86.2,48.8,9.9,
104,SOFT ELITE,28,52,CLUB,ARS-CRESCENT,Dusty//MDN sib/Dusty///WA7665/RULO,PENDLETON,ADV,2017,2016,4.89,2.95,11.9,0.6,5,68.8,68.5,55.1,89.4,0.991,59.4,21.1,18.6,33.5,9.45,2.48,0.33,8,0.47,70,80.3,47.7,9.66,
105,SOFT ELITE,9,52,CLUB,ARS-CRESCENT,Dusty//MDN sib/Dusty///WA7665/RULO,PULLMAN,ADV,2017,2016,4.89,2.95,11.9,0.6,4.4,70,68.4,60.5,88.3,0.703,60.9,13.2,18.1,39.9,10.9,2.7,0.4,6.7,0.36,68.5,85.4,46.2,9.48,
106,SOFT ELITE,19,52,CLUB,ARS-CRESCENT,Dusty//MDN sib/Dusty///WA7665/RULO,WALLA.WALLA,ADV,2017,2016,4.89,2.95,11.9,0.6,5,66.4,69.7,54.2,91.8,0.882,62.6,30.4,16.4,34.4,10.7,2.5,0.32,8.9,0.31,68.3,88.3,46.2,9.48,
107,2ND.CHANCE.PRELIMINA,17,52,CLUB,ARS-CRESCENT,Dusty//MDN sib/Dusty///WA7665/RULO,PENDLETON,ADV,2017,2016,4.89,2.95,11.9,0.6,8.4,71,70.2,54.5,86.5,0.891,59.7,22.03,18.1,35,10.8,2.53,0.34,7.4,0.41,73.2,88.2,48.8,9.63,
110,UNREPLICATED.SOFT,89,52,CLUB,ARS-CRESCENT,Dusty//MDN sib/Dusty///WA7665/RULO,PULLMAN,ADV,2017,2016,4.89,2.95,11.9,0.6,3.8,65.5,68,56.2,89.4,,60.7,22.97,17.9,39,11.1,2.66,0.36,7.3,0.33,72.3,92.2,47.3,9.7,
95,SOFT ELITE,57,65,CLUB,ARS-CRESCENT,Dusty//MDN sib/Dusty///WA7665/RULO,PENDLETON,ADV,2018,2017,3.12,3.82,10.1,0.3,4.1,58.6,61.3,46.6,96.7,1.263,62.5,36.7,17.5,34.8,10.7,2.49,0.36,8.9,0.37,71.8,89,51.8,9.47,1200
97,RHT1 UNREPLICATED,112,65,CLUB,ARS-CRESCENT,Dusty//MDN sib/Dusty///WA7665/RULO,PULLMAN,ADV,2018,2017,3.41,3.42,10.7,0.3,4.1,61.3,85.2,48.3,97.7,1.097,61.8,25.94,15.9,34.2,9.3,2.51,0.34,8.7,0.48,74.2,85,54.8,9.45,
98,RHT2 UNREPLICATED,22,65,CLUB,ARS-CRESCENT,Dusty//MDN sib/Dusty///WA7665/RULO,PULLMAN,ADV,2018,2017,3.41,3.42,10.7,0.3,4.4,63.5,81.8,51.9,73,1.211,61.9,22.78,16.2,35.3,9.55,2.52,0.34,8.5,0.36,71.9,89.7,53,9.44,
95,CLUB WHEAT SAMPLES T,7,56,CLUB,ARS-CRESCENT,Dusty//MDN sib/Dusty///WA7665/RULO,PULLMAN,ADV,2019,2018,3.84,5.98,11.7,-9,4.7,67.3,62.9,53.7,72,,63.4,28.87,14,37.9,8.56,2.6,0.31,8.4,0.4,71,86.1,53.9,9.55,1295
111,SOFT ELITE,10,10,CLUB,ARS-CRESCENT,Dusty//MDN sib/Dusty///WA7665/RULO,PENDLETON,ADV,2019,2018,3.81,6.71,11.5,-9,5,,,51.7,,1.367,63.6,24.61,19.1,39.4,11.3,2.6,0.35,8.4,0.37,72.4,89.7,54.1,9.36,1295
111,SOFT ELITE,56,10,CLUB,ARS-CRESCENT,Dusty//MDN sib/Dusty///WA7665/RULO,PENDLETON,ADV,2019,2018,3.81,6.71,11.5,-9,4.7,,,51.8,,1.533,63.6,22.36,17.8,41,11.6,2.63,0.4,8.4,0.37,72.2,89.5,53.9,9.39,1295
92,SOFT ELITE,21,8,SWW,ARS-SELBU,,FARMINGTON,PUL,2016,2015,5.59,3.84,12.7,,5,,,54.5,,,60.8,33.2,17.5,34.7,8.6,2.8,0.3,7.6,0.43,69.9,82.7,45.1,9.66,1230
94,CARA/XERPHA DOUBLE H,89,8,SWW,ARS-SELBU,,WALLA WALLA,PUL,2016,2015,5.59,3.84,12.7,,8.7,64.7,78.3,51.5,93.3,1.232,62,30.2,13.9,33,8.6,2.6,0.3,10,0.37,71.1,88.1,46.1,9.41,
92,SOFT ELITE,37,35,CLUB,ARS010679-1C,X010239-[WA7665/WA7622///CO250/B7101//Pioneer line,FARMINGTON,PUL,2016,2015,5.2,3.6,12.8,,6.7,,,54,,,60.7,30.5,15.3,29.5,6.3,2.5,0.3,9.6,0.4,67.9,82.1,43.2,9.35,1290
92,SOFT ELITE,23,36,SWW,ARS010730-6L,FINCH///97X358[WA7697//(A96330-MDN/WA6910)],FARMINGTON,PUL,2016,2015,5.17,3.25,13.2,,8.4,,,56.7,,,58.2,25.9,18,30,8.8,2.5,0.3,9.3,0.41,70,84.1,45.7,9.31,1230
104,SOFT ELITE,21,43,CLUB,ARS06132-45C,NY89066-7131/M00-3701//CHUKAR,PENDLETON,ADV,2017,2016,4.86,3.47,12.7,0.5,6.7,61.8,71.2,51,83.5,0.892,60.2,9.57,16.2,38.4,9.3,2.67,0.34,7.4,0.39,71,86.7,48.8,9.68,
95,SOFT ELITE,17,17,CLUB,ARS06132-45C,,PENDLETON,ADV,2018,2017,3.31,3,10.6,1,5.3,76.3,84.6,47.3,98.9,1.242,62.5,36.81,19.1,34.3,10.7,2.54,0.42,8.7,0.37,71.8,89,51.9,9.46,1225
95,CLUB WHEAT SAMPLES T,9,53,CLUB,ARS06132-45C,,PULLMAN,ADV,2019,2018,3.95,6.31,11.3,-9,6.1,63.5,70.1,51.5,69.3,,62.9,21.88,12.1,39,7.75,2.68,0.36,8.7,0.39,70.2,85.7,53.2,9.59,1250
111,SOFT ELITE,53,53,CLUB,ARS06132-45C,,PENDLETON,ADV,2019,2018,3.95,6.31,11.3,-9,6.4,,,51.5,,1.595,61.9,17.93,17.6,39,9.6,2.63,0.39,8,0.34,72.4,91.7,53.9,9.27,1280
92,SOFT ELITE,7,47,CLUB,ARS20040150-2C,,FARMINGTON,PUL,2016,2015,4.91,4.15,11.4,,5.3,,,52,,,58.9,23.8,18.4,29.3,7,2.5,0.3,9.3,0.38,70.3,86.4,48.6,9.65,1275
104,SOFT ELITE,14,36,CLUB,ARS20040150-2C,Chukar/Cayuga/2*Chukar,PENDLETON,ADV,2017,2016,5.23,2.76,12.6,0.6,6.4,62.8,67,52.3,85.1,0.947,61.3,22.55,15.2,37,9.39,2.69,0.38,6.8,0.35,66.8,83.9,45.7,9.76,
92,SOFT ELITE,54,51,CLUB,ARS20060126-0-13C,,FARMINGTON,PUL,2016,2015,5.64,3.32,15,,7.6,,,52.2,,,62.2,32.5,17.7,33.2,8.5,2.6,0.4,7.4,0.42,69.6,83,44.3,9.61,1275
104,SOFT ELITE,25,47,CLUB,ARS20060126-0-13C,,PENDLETON,ADV,2017,2016,5.09,2.83,13.6,1.6,7.6,63.7,86.4,52.2,88,0.601,62.9,25.41,15.3,36.8,8.26,2.72,0.31,8.2,0.35,68.5,86.1,44.1,9.6,
95,SOFT ELITE,18,18,CLUB,ARS20060126-0-13C,,PENDLETON,ADV,2018,2017,3.57,4.72,10.2,1.9,6.7,77.1,109.6,47.6,102.7,0.84,64.6,45.32,15,35.7,7.39,2.74,0.32,8.4,0.32,70.1,90,50.1,9.63,1230
92,SOFT ELITE,6,13,CLUB,ARSDH08028-111C,CARA/XERPHA,FARMINGTON,PUL,2016,2015,4.79,3.78,13.1,,7.3,,,50.7,,,62,39.8,15.7,27.4,7.3,2.4,0.3,10.7,0.28,69.5,91.8,46.4,9.23,1290
94,CARA/XERPHA DOUBLE H,43,13,CLUB,ARSDH08028-111C,CARA/XERPHA,WALLA WALLA,PUL,2016,2015,4.79,3.78,13.1,,7,63.2,81.6,49.6,86.9,1.515,61.9,35.8,16.1,28.7,7,2.5,0.3,10.8,0.36,73.2,91.4,48.8,9.29,
104,SOFT ELITE,12,34,CLUB,ARSDH08028-111C,CARA/XERPHA,PENDLETON,ADV,2017,2016,4.6,3.13,13.1,1.1,6.4,64.8,78.1,53,88.6,0.96,61.7,29.31,14.6,32.8,9.32,2.55,0.37,7.3,0.31,71.7,92.7,45.9,9.52,
92,SOFT ELITE,30,27,CLUB,ARSDH08028-44C,CARA/XERPHA,FARMINGTON,PUL,2016,2015,4.9,3.72,13,,7,,,53.8,,,61.7,37.2,17.8,29,7.7,2.4,0.3,11.6,0.36,68.2,85,43.9,9.24,1275
94,CARA/XERPHA DOUBLE H,18,27,CLUB,ARSDH08028-44C,CARA/XERPHA,WALLA WALLA,PUL,2016,2015,4.9,3.72,13,,7.9,65.9,88.7,53,90.6,1.317,61.6,36.5,17.7,28.7,7.8,2.4,0.3,11.7,0.34,69.8,88.3,45.5,9.2,
104,SOFT ELITE,11,33,CLUB,ARSDH08028-44C,CARA/XERPHA,PENDLETON,ADV,2017,2016,5.33,2.24,12.6,1.5,7.9,69.4,91.2,55.7,90.8,0.836,62.1,35.14,16.1,33,10,2.54,0.34,8.2,0.34,65.6,83,40.7,9.45,
106,SOFT ELITE,17,25,CLUB,ARSDH08X028-9C,CARA/XERPHA,WALLA.WALLA,ADV,2017,2016,5.55,2.73,13.4,1.1,7.9,66.6,70.9,55.7,90.6,0.981,61.7,33.37,15.9,38.2,10.8,2.71,0.36,9.5,0.3,66.3,86.4,43.1,9.39,
95,SOFT ELITE,12,12,CLUB,ARSDH08X028-9C,CARA/XERPHA,PENDLETON,ADV,2018,2017,3.7,3.71,10.2,0.8,5.3,79.7,83.3,48.2,99.8,1.382,63.6,49.29,16.9,33.8,9.37,2.62,0.39,8.6,0.34,69.1,87.5,48.2,9.31,1145
105,SOFT ELITE,2,27,CLUB,ARSDH08X103-102C,ARS970168-2C/XERPHA,PULLMAN,ADV,2017,2016,4.76,2.74,12.2,1,6.4,70.1,78.5,59.2,87.6,0.79,60.7,10.5,16.6,35.8,8.6,2.7,0.3,7,0.32,69.9,89.7,47.7,9.47,
95,SOFT ELITE,13,13,CLUB,ARSDH08X103-102C,,PENDLETON,ADV,2018,2017,3.9,4.76,11.4,1.7,6.1,84.1,93.5,48.9,102.5,1.09,64.2,40.94,16.2,33.2,9.95,2.62,0.39,8.5,0.38,71.9,88.5,52.2,9.43,1260
95,CLUB WHEAT SAMPLES T,1,54,CLUB,ARSDH08X103-102C,,PULLMAN,ADV,2019,2018,3.85,6.3,10.6,-9,6.4,73.1,81.7,56.8,79.5,,63.6,24.47,11.4,40.7,8.35,2.81,0.31,8.6,0.44,70.6,83,53.8,9.09,1225
111,SOFT ELITE,54,54,CLUB,ARSDH08X103-102C,,PENDLETON,ADV,2019,2018,3.85,6.3,10.6,-9,7.3,,,54.3,,1.441,62.3,19.77,16.8,35.5,8.96,2.61,0.35,7.4,0.33,71.2,90.8,55.6,9.07,1285
105,SOFT ELITE,5,30,CLUB,ARSDH08X117-83C,ID-9222407A/ARS970168-2C,PULLMAN,ADV,2017,2016,5.06,2.93,13.4,1.5,7.9,71.4,94.3,57.8,92.8,0.771,62.1,23,15.9,37.2,8.3,2.7,0.3,7.5,0.33,67.3,85.8,43.3,9.55,
95,SOFT ELITE,16,16,CLUB,ARSDH08X117-83C,ID-9222407A/ARS970168-2C,PENDLETON,ADV,2018,2017,3.83,3.18,11.3,1.3,7.3,84.8,120.9,49,103.5,1.15,64.8,46.34,16.2,33.5,8.72,2.59,0.36,9,0.33,69.5,88.6,48.6,9.25,1150
95,CLUB WHEAT SAMPLES T,5,55,CLUB,ARSDH08X117-83C,ID-9222407A/ARS970168-2C,PULLMAN,ADV,2019,2018,4.6,6.41,12.4,-9,9,69.7,101,55.3,77.7,,64.8,33.17,12.8,37,6.98,2.66,0.29,9.6,0.39,68.7,83.8,49,9.2,1190
111,SOFT ELITE,55,55,CLUB,ARSDH08X117-83C,ID-9222407A/ARS970168-2C,PENDLETON,ADV,2019,2018,4.6,6.41,12.4,-9,6.4,,,56.3,,1.359,63.7,28.25,15.4,34.4,8.82,2.58,0.36,10.4,0.33,71.5,91.1,50.3,8.8,1185
92,SOFT ELITE,8,9,SWW,BOBTAIL,,FARMINGTON,PUL,2016,2015,5.05,4.33,10.6,,7.6,,,54.7,,,57.9,18.8,17.8,33.4,6.4,2.6,0.3,7.2,0.35,69,86.7,47.8,9.75,1270
93,2ND CHANCE PRELIMINA,9,9,SWW,BOBTAIL,,PULLMAN,PUL,2016,2015,5.05,4.33,10.6,,6.7,69.6,93.2,55.3,86.4,1.268,58.2,15.8,15.2,33.1,7,2.6,0.3,7.4,0.41,71.7,86.3,51.2,9.85,
104,SOFT ELITE,29,53,SWW,BOBTAIL,,PENDLETON,ADV,2017,2016,4.53,3.08,11.6,1,7.9,68.1,94.9,54.9,88.9,0.734,60,13.41,13.1,41,8.13,2.84,0.34,6.2,0.48,69.4,78.9,46.6,9.57,
107,2ND.CHANCE.PRELIMINA,18,53,SWW,BOBTAIL,,PENDLETON,ADV,2017,2016,4.53,3.08,11.6,1,11,67.4,97.2,56.5,88.6,0.636,59.3,13.29,13.7,38.2,7.8,2.71,0.31,7.1,0.38,72.3,89,48.8,9.73,
108,2ND.CHANCE.PRELIMINA,13,53,SWW,BOBTAIL,,PULLMAN,ADV,2017,2016,4.53,3.08,11.6,1,7.3,65,81.9,57.9,82.6,0.701,59.9,3.8,15,42.9,11.1,2.9,0.4,6.8,0.36,71.5,89.2,47.4,9.8,
110,UNREPLICATED.SOFT,90,53,SWW,BOBTAIL,,PULLMAN,ADV,2017,2016,4.53,3.08,11.6,1,6.1,64.7,85,55.5,88.2,,60.3,12.45,15.1,42.7,11.5,2.87,0.41,7.2,0.34,72.9,92.3,47.5,9.74,
95,SOFT ELITE,58,66,SWW,BOBTAIL,,PENDLETON,ADV,2018,2017,3.64,2.95,11.4,4,11.3,59.4,100.3,49.1,96.2,1.515,59.2,32.06,13.5,32.8,8.52,2.55,0.35,10.3,0.38,71.4,87.8,50.2,9.34,1140
111,SOFT ELITE,57,57,SWW,BOBTAIL,,PENDLETON,ADV,2019,2018,3.77,6.97,11,-9,8.1,,,53.1,,1.474,59.6,7.074,14.6,39.6,9.74,2.68,0.35,7.3,0.39,72.1,88.1,55.2,9.13,1210
92,SOFT ELITE,32,10,CLUB,BRUEHL,UNA(NS1971)/5/Oasis/4/Luke//Itana/,FARMINGTON,PUL,2016,2015,5.15,3.6,11.7,,6.7,,,50.8,,,58,21,16.4,32.3,7.7,2.5,0.3,10.9,0.36,68.4,85.3,44.1,9.45,1310
94,CARA/XERPHA DOUBLE H,61,10,CLUB,BRUEHL,UNA(NS1971)/5/Oasis/4/Luke//Itana/,WALLA WALLA,PUL,2016,2015,5.15,3.6,11.7,,9,64.3,81.8,51.1,92.8,0.693,59,26.7,19.7,32.9,9.4,2.5,0.3,12.2,0.42,69.9,83.4,44.9,9.34,
104,SOFT ELITE,30,54,CLUB,BRUEHL,UNA(NS1971)/5/Oasis/4/Luke//Itana/,PENDLETON,ADV,2017,2016,4.9,2.79,13.6,1.3,7.6,68.1,83.5,54.1,90.7,0.748,60.4,24.43,13.3,40.5,9.62,2.68,0.33,8.1,0.48,68.7,78,43.1,9.54,
105,SOFT ELITE,8,54,CLUB,BRUEHL,UNA(NS1971)/5/Oasis/4/Luke//Itana/,PULLMAN,ADV,2017,2016,4.9,2.79,13.6,1.3,6.4,66.5,78,58.1,91.6,0.473,60.7,12.4,14.5,45.2,10.7,2.9,0.4,7,0.39,68.3,83.2,43.2,9.74,
106,SOFT ELITE,18,54,CLUB,BRUEHL,UNA(NS1971)/5/Oasis/4/Luke//Itana/,WALLA.WALLA,ADV,2017,2016,4.9,2.79,13.6,1.3,8.4,63.9,87.4,54.4,92.1,0.632,61.9,32.01,16.3,38.6,10.9,2.61,0.4,9.4,0.37,65.8,81.3,42,9.52,
107,2ND.CHANCE.PRELIMINA,19,54,CLUB,BRUEHL,UNA(NS1971)/5/Oasis/4/Luke//Itana/,PENDLETON,ADV,2017,2016,4.9,2.79,13.6,1.3,8.1,67,72.9,54.2,88.7,0.646,60.6,27.13,14.5,40.5,8.98,2.72,0.32,6.8,0.42,71.9,85.9,45.7,9.77,
95,SOFT ELITE,59,67,CLUB,BRUEHL,UNA(NS1971)/5/Oasis/4/Luke//Itana/,PENDLETON,ADV,2018,2017,3.79,4.55,11,1.6,5.8,58.5,66.9,48.6,91.4,0.821,61.3,34.56,13.9,38.1,10.3,2.62,0.38,8.6,0.4,70.1,84.9,47.6,9.24,1275
97,RHT1 UNREPLICATED,114,67,CLUB,BRUEHL,UNA(NS1971)/5/Oasis/4/Luke//Itana/,PULLMAN,ADV,2018,2017,3.88,3.82,11,1.5,9.6,59.9,114.1,49.9,108.5,0.716,55.7,22.58,18.9,29.4,9.97,2.32,0.37,11.6,0.54,67.9,73.2,48.8,9.16,
98,RHT2 UNREPLICATED,24,67,CLUB,BRUEHL,UNA(NS1971)/5/Oasis/4/Luke//Itana/,PULLMAN,ADV,2018,2017,3.88,3.82,11,1.5,8.4,67.3,108.3,53.5,77.5,0.785,55.4,19.76,16.8,30.2,10.7,2.32,0.39,11,0.46,67,77.1,48.1,9.25,
92,SOFT ELITE,4,49,CLUB,CASTELLA,NY89066-7131/B980696//CHUKAR,FARMINGTON,PUL,2016,2015,4.88,4.34,12.2,,7.6,,,50.6,,,61.1,31.2,18.5,29.9,7.4,2.5,0.3,10,0.29,69.6,91.3,46.8,9.35,1325
104,SOFT ELITE,13,35,CLUB,CASTELLA,NY89066-7131/B980696//CHUKAR,PENDLETON,ADV,2017,2016,4.73,2.72,13,1.5,7,62.4,78.7,52,84.2,1.003,62.7,23.99,14,39,10.3,2.72,0.35,8.9,0.35,68.4,85.9,44.5,9.74,
95,SOFT ELITE,4,4,CLUB,CASTELLA,NY89066-7131/B980696//CHUKAR,PENDLETON,ADV,2018,2017,3.33,4.48,10.2,1.7,7,78,101.6,46.7,105.7,1.061,64.5,44.19,16.8,34.9,9.46,2.61,0.35,9.4,0.35,70.7,88.9,51,9.76,1235
95,CLUB WHEAT SAMPLES T,8,59,CLUB,CASTELLA,NY89066-7131/B980696//CHUKAR,PULLMAN,ADV,2019,2018,3.59,7.99,10.5,-9,5.3,64.8,75.9,52.6,70.4,,64.4,28.66,15,40.1,7.94,2.74,0.34,8.9,0.37,70.7,87.6,53.4,9.49,1215
111,SOFT ELITE,59,59,CLUB,CASTELLA,NY89066-7131/B980696//CHUKAR,PENDLETON,ADV,2019,2018,3.59,7.99,10.5,-9,7,,,51.8,,1.324,63.8,23.31,17.6,38.9,11.1,2.62,0.4,9.6,0.42,72.9,87.2,54.5,9.09,1235
92,SOFT ELITE,41,11,CLUB,DH08X028-1-0,CARA/XERPHA,FARMINGTON,PUL,2016,2015,6.03,3.94,12.1,,9.6,,,54.4,,,59.3,36,17.8,26,7,2.3,0.3,11.4,0.36,68.2,85,45.4,9.16,1290
94,CARA/XERPHA DOUBLE H,1,11,CLUB,DH08X028-1-0,CARA/XERPHA,WALLA WALLA,PUL,2016,2015,6.03,3.94,12.1,,9,63.8,95.3,52.5,89.3,1.275,61,30.8,16.9,30.7,7,2.5,0.3,11.2,0.33,71.7,91.4,47.2,9.31,
92,SOFT ELITE,3,12,SWW,DH08X028-106-0,CARA/XERPHA,FARMINGTON,PUL,2016,2015,4.64,4.06,12.8,,6.7,,,52.1,,,61.1,33.3,14.7,32.4,7.5,2.6,0.3,9.2,0.31,70.2,90.8,46.8,9.44,1240
94,CARA/XERPHA DOUBLE H,42,12,SWW,DH08X028-106-0,CARA/XERPHA,WALLA WALLA,PUL,2016,2015,4.64,4.06,12.8,,6.1,60.3,71.2,49.9,84.5,1.526,61,31.4,17.7,30.9,7.5,2.6,0.3,9.4,0.38,73.2,90.1,48.4,9.36,
92,SOFT ELITE,25,14,CLUB,DH08X028-115-0,CARA/XERPHA,FARMINGTON,PUL,2016,2015,5.56,3.56,13.6,,6.7,,,51.6,,,59.4,37.1,19.3,26.4,7.2,2.4,0.3,11,0.35,71.8,90.3,47.7,9.56,1215
94,CARA/XERPHA DOUBLE H,45,14,CLUB,DH08X028-115-0,CARA/XERPHA,WALLA WALLA,PUL,2016,2015,5.56,3.56,13.6,,7,59.9,74.5,50.2,82.5,1.434,59.1,34.1,17.3,28,7.2,2.4,0.3,11,0.36,73.2,91.4,49,9.5,
104,SOFT ELITE,17,39,CLUB,DH08X028-115-0,CARA/XERPHA,PENDLETON,ADV,2017,2016,4.72,2.7,12.9,1.4,7.3,63.6,77,52.9,82.4,1.08,60.6,26.75,16,33.3,10.4,2.54,0.39,8.1,0.33,70.7,90.1,46.5,9.7,
92,SOFT ELITE,16,15,CLUB,DH08X028-129-0,CARA/XERPHA,FARMINGTON,PUL,2016,2015,5.03,4.26,12.9,,6.7,,,51.9,,,59.4,37.6,19.1,26.8,7.2,2.4,0.3,10.8,0.3,71.1,92.5,47.5,9.56,1190
94,CARA/XERPHA DOUBLE H,120,15,CLUB,DH08X028-129-0,CARA/XERPHA,WALLA WALLA,PUL,2016,2015,5.03,4.26,12.9,,10.2,71.4,73.1,50.8,80,1.25,59.2,44.1,18.7,26.8,7.8,2.4,0.3,11.9,0.37,72.1,89.4,47.7,9.35,
104,SOFT ELITE,9,31,CLUB,DH08X028-129-0,CARA/XERPHA,PENDLETON,ADV,2017,2016,4.23,3.18,11.7,1.2,7,65.2,73.2,53.1,80.9,1.01,60,24.37,13.9,33.8,9.32,2.6,0.34,7.7,0.39,71.3,87.1,46.8,9.66,
92,SOFT ELITE,36,16,SWW,DH08X028-135-0,CARA/XERPHA,FARMINGTON,PUL,2016,2015,5.31,3.61,13.6,,6.7,,,54.4,,,61,42.8,15.7,32.2,8.8,2.6,0.3,9.1,0.38,68.3,83.9,43.1,9.43,1265
94,CARA/XERPHA DOUBLE H,121,16,SWW,DH08X028-135-0,CARA/XERPHA,WALLA WALLA,PUL,2016,2015,5.31,3.61,13.6,,7.9,63.3,87.6,54.8,87.8,1.301,60.6,52.2,17,33.7,7.5,2.6,0.3,9.2,0.29,70.7,92.7,44.5,9.2,
92,SOFT ELITE,35,17,SWW,DH08X028-140-0,CARA/XERPHA,FARMINGTON,PUL,2016,2015,4.86,3.39,14,,7.6,,,54.2,,,61.1,42.9,15.5,31.7,6.6,2.6,0.3,9,0.36,69.4,86.6,43.9,9.4,1200
94,CARA/XERPHA DOUBLE H,52,17,SWW,DH08X028-140-0,CARA/XERPHA,WALLA WALLA,PUL,2016,2015,4.86,3.39,14,,6.7,64.6,82.9,52.2,89.3,1.375,61.2,41.4,15.7,33.5,7.6,2.6,0.3,9.2,0.27,72.4,96.1,45.5,9.34,
106,SOFT ELITE,1,9,CLUB,DH08X028-143-0,CARA/XERPHA,WALLA.WALLA,ADV,2017,2016,4.6,3.24,12.1,1.5,7.3,59.3,84.8,56.6,82.4,1.066,61.2,30.75,15.8,32.2,8.21,2.51,0.35,9.6,0.28,68.9,91,46.5,9.6,
95,SOFT ELITE,5,5,CLUB,DH08X028-143-0,CARA/XERPHA,PENDLETON,ADV,2018,2017,3.26,4.78,10.4,1.1,5,75.6,89.8,46.9,95.9,1.188,62.2,40.14,15.5,33.2,8.51,2.6,0.34,8.3,0.38,72.8,89.6,52.2,9.46,1275
111,SOFT ELITE,51,51,CLUB,DH08X028-150-0,CARA/XERPHA,PENDLETON,ADV,2019,2018,4.03,6.68,11.1,-9,3.2,,,53.7,,1.919,61.4,29.05,16.1,38.5,7.87,2.61,0.31,6.5,0.31,69.4,89.7,51.2,9.32,1280
106,SOFT ELITE,2,10,CLUB,DH08X028-155-0,CARA/XERPHA,WALLA.WALLA,ADV,2017,2016,5.4,2.58,13.7,1.6,7,65.3,83.7,59.6,89.8,0.921,63.2,39.63,16,33.3,8.58,2.6,0.35,9.2,0.29,66.9,87.8,42.7,9.65,
106,SOFT ELITE,3,11,CLUB,DH08X028-156-0,CARA/XERPHA,WALLA.WALLA,ADV,2017,2016,5.25,2.54,12.6,1.6,8.1,62.1,84.3,56.5,86.7,0.867,61.4,30.2,17.6,33.1,10,2.53,0.36,10,0.32,69.6,89.4,46.5,9.56,
106,SOFT ELITE,4,12,CLUB,DH08X028-159-0,CARA/XERPHA,WALLA.WALLA,ADV,2017,2016,5.07,2.95,12.5,1.6,8.4,62,83.5,56.4,82.7,0.91,61,32.26,15.2,32.2,7.9,2.55,0.33,9.4,0.27,68.4,91,45.9,9.61,
92,SOFT ELITE,27,18,SWW,DH08X028-166-0,CARA/XERPHA,FARMINGTON,PUL,2016,2015,4.79,3.14,13.5,,7.9,,,52.1,,,60.1,47.2,15.1,31.6,8.3,2.6,0.3,9.6,0.31,68.7,88.9,42.7,9.18,1260
94,CARA/XERPHA DOUBLE H,66,18,SWW,DH08X028-166-0,CARA/XERPHA,WALLA WALLA,PUL,2016,2015,4.79,3.14,13.5,,7,59.5,71.8,49.2,83.3,1.462,58.6,34,21,28,9.8,2.4,0.4,10.4,0.37,71.1,88.1,47.3,9.55,
106,SOFT ELITE,5,13,CLUB,DH08X028-170-0,CARA/XERPHA,WALLA.WALLA,ADV,2017,2016,4.61,3.45,12.5,1.6,9,62.1,84.9,56.1,84.2,0.968,61.9,31.15,16.1,34.9,10.1,2.58,0.38,9.2,0.3,69.7,90.8,46.1,9.69,
95,SOFT ELITE,6,6,CLUB,DH08X028-170-0,CARA/XERPHA,PENDLETON,ADV,2018,2017,3.75,3.22,12.8,1.2,5.5,75.1,90.9,47.7,98.9,1.28,62.5,43.42,15.1,32.2,7.64,2.6,0.33,8.7,0.35,72.5,91.1,52.1,9.52,1225
106,SOFT ELITE,6,14,CLUB,DH08X028-171-0,CARA/XERPHA,WALLA.WALLA,ADV,2017,2016,4.61,2.94,12.9,1.6,7.6,62.9,78,57.3,86.5,0.81,60.2,22.76,12.6,37.5,8.45,2.73,0.3,8.9,0.37,70,86.7,46.1,9.25,
95,SOFT ELITE,7,7,CLUB,DH08X028-171-0,CARA/XERPHA,PENDLETON,ADV,2018,2017,3.77,3.52,11.3,1.1,5.3,76.2,91.6,46.7,98.8,1.469,62.1,47.09,16.1,31.1,8.14,2.51,0.34,9,0.35,72.5,91.1,51.2,9.74,1185
92,SOFT ELITE,9,19,SWW,DH08X028-193-0,CARA/XERPHA,FARMINGTON,PUL,2016,2015,5.42,3.76,13,,7.9,,,54.7,,,59.2,38.9,15.1,30.7,7.5,2.5,0.3,7.2,0.32,68.6,88.1,44.5,9.31,1235
94,CARA/XERPHA DOUBLE H,71,19,SWW,DH08X028-193-0,CARA/XERPHA,WALLA WALLA,PUL,2016,2015,5.42,3.76,13,,8.7,65.1,87.3,52.4,92.2,1.587,59.2,37.2,18,31.2,8.1,2.6,0.3,10,0.42,70.7,84.4,45.7,9.3,
106,SOFT ELITE,7,15,CLUB,DH08X028-194-0,CARA/XERPHA,WALLA.WALLA,ADV,2017,2016,5.05,3.42,12.6,1.3,10.2,65.3,96.3,58.4,92.5,0.882,62.5,34.89,14.1,37.2,9.93,2.71,0.33,9.9,0.28,66.7,88.2,42.5,9.27,
106,SOFT ELITE,8,16,CLUB,DH08X028-198-0,CARA/XERPHA,WALLA.WALLA,ADV,2017,2016,4.95,2.42,12.9,1.7,7.9,61.6,80.9,57.2,86.7,1.059,61.2,33.57,17.2,32.5,9.24,2.53,0.34,9.1,0.28,71.8,94.7,47.2,9.63,
95,SOFT ELITE,8,8,CLUB,DH08X028-198-0,CARA/XERPHA,PENDLETON,ADV,2018,2017,3.65,3.39,10.5,1,4.4,75.4,90.2,46.8,98.1,1.293,62.3,46.53,16.2,32.6,7.96,2.57,0.32,8.6,0.34,71.5,90.5,51.4,9.59,1240
92,SOFT ELITE,10,20,CLUB,DH08X028-200-0,CARA/XERPHA,FARMINGTON,PUL,2016,2015,4.78,3.04,13.3,,4.7,,,53.8,,,61,49.1,17.3,27.8,7.6,2.4,0.3,11.1,0.32,68.5,88,41.3,9.04,1230
94,CARA/XERPHA DOUBLE H,73,20,CLUB,DH08X028-200-0,CARA/XERPHA,WALLA WALLA,PUL,2016,2015,4.78,3.04,13.3,,5.3,65.3,61.6,52.1,85.1,1.352,61,48.7,17.3,27.8,7.2,2.4,0.3,12.2,0.32,70.5,90.5,42.6,9.14,
92,SOFT ELITE,39,21,SWW,DH08X028-207-0,CARA/XERPHA,FARMINGTON,PUL,2016,2015,4.94,3.54,12.8,,8.1,,,55.8,,,58.2,34.7,15.6,34.9,8.3,2.6,0.3,9.1,0.35,68,85.4,43.2,9.27,1250
94,CARA/XERPHA DOUBLE H,77,21,SWW,DH08X028-207-0,CARA/XERPHA,WALLA WALLA,PUL,2016,2015,4.94,3.54,12.8,,8.1,67.4,95.4,54.7,94.9,1.985,55.4,24.1,14.9,33.9,7.8,2.6,0.3,9.4,0.38,68.2,83.8,43.5,8.89,
106,SOFT ELITE,10,18,CLUB,DH08X028-215INV,CARA/XERPHA,WALLA.WALLA,ADV,2017,2016,5.63,2.82,13.4,2.2,11.3,65.9,99.2,59.1,94.9,0.76,63.9,33.79,16,33.5,8.98,2.62,0.37,10.7,0.33,67.1,85.5,43.6,9.19,
106,SOFT ELITE,11,19,CLUB,DH08X028-219INV,CARA/XERPHA,WALLA.WALLA,ADV,2017,2016,4.86,2.6,13.6,1.9,8.7,62.9,84,56.8,87.4,0.778,62.3,39.04,15,36.9,10.2,2.64,0.38,9.7,0.3,69.9,91,44.5,9.59,
95,SOFT ELITE,9,9,CLUB,DH08X028-219INV,CARA/XERPHA,PENDLETON,ADV,2018,2017,3.36,3.54,11.1,1,5.8,78.8,88.2,48.8,97.2,1.183,61.5,43.81,15.4,36.2,8.7,2.71,0.36,7.4,0.38,71.7,88.2,49.6,9.52,1120
106,SOFT ELITE,12,20,CLUB,DH08X028-224INV,CARA/XERPHA,WALLA.WALLA,ADV,2017,2016,5.25,2.91,13,1,6.1,63.7,66.6,56.9,87,0.668,62,38.28,16.5,37.2,8.76,2.73,0.35,7.4,0.38,67.4,82.7,43.1,9.68,
106,SOFT ELITE,13,21,CLUB,DH08X028-23-0,CARA/XERPHA,WALLA.WALLA,ADV,2017,2016,5.25,2.9,12.8,2.6,10.5,67.1,112.7,60.2,92.1,0.959,62.7,40.84,15.5,31.7,8.07,2.52,0.26,9.2,0.28,67.4,89.1,45.9,9.32,
106,SOFT ELITE,14,22,CLUB,DH08X028-231INV,CARA/XERPHA,WALLA.WALLA,ADV,2017,2016,5.1,2.32,12.5,0.5,5.3,64.5,68.9,59.2,89.1,0.716,61.1,49.95,15.8,32.2,8.92,2.56,0.35,9.4,0.29,66.9,87.8,42.3,9.36,
106,SOFT ELITE,15,23,CLUB,DH08X028-24-0,CARA/XERPHA,WALLA.WALLA,ADV,2017,2016,4.74,2.94,12.7,1.9,7.6,72.3,93,60.2,94.5,0.78,61.5,30.47,16.9,38.7,9.55,2.72,0.34,7.7,0.34,68.9,87.2,43.9,9.5,
92,SOFT ELITE,34,22,CLUB,DH08X028-26-0,CARA/XERPHA,FARMINGTON,PUL,2016,2015,4.81,3.55,12.3,,7,,,52.8,,,58.2,35,18.4,26.5,7.8,2.3,0.3,11.8,0.37,70.9,87.8,47.3,9.51,1200
94,CARA/XERPHA DOUBLE H,11,22,CLUB,DH08X028-26-0,CARA/XERPHA,WALLA WALLA,PUL,2016,2015,4.81,3.55,12.3,,7.6,60.9,70.2,51,82.6,1.486,58.2,34.1,18.2,27.4,7.1,2.4,0.3,12,0.42,72.3,86.4,49.2,9.4,
104,SOFT ELITE,10,32,CLUB,DH08X028-26-0,CARA/XERPHA,PENDLETON,ADV,2017,2016,4.47,2.99,12.8,1,7,63.7,71.8,53.2,83.6,0.93,60.1,24.09,15.2,35.2,9.27,2.64,0.34,7.3,0.38,71.6,88.1,47.3,9.8,
92,SOFT ELITE,50,23,SWW,DH08X028-28-0,CARA/XERPHA,FARMINGTON,PUL,2016,2015,4.93,3.17,13.8,,9.9,,,55.3,,,60.8,43.2,15.4,30.3,7.1,2.5,0.3,9.6,0.39,68.2,83.1,41.7,9.27,1155
94,CARA/XERPHA DOUBLE H,12,23,SWW,DH08X028-28-0,CARA/XERPHA,WALLA WALLA,PUL,2016,2015,4.93,3.17,13.8,,9.6,63.3,107.3,54,91.4,1.427,60.8,42.9,17,32,7.6,2.5,0.3,9.7,0.31,70.2,90.8,43.4,9.13,
106,SOFT ELITE,16,24,CLUB,DH08X028-3-0,CARA/XERPHA,WALLA.WALLA,ADV,2017,2016,5.2,3.05,13.4,0.6,4.1,61.9,64.5,55.9,85.8,0.795,63.7,40.54,15.2,32.2,9.02,2.57,0.31,9.2,0.29,67.7,88.9,43.7,9.51,
95,SOFT ELITE,10,10,CLUB,DH08X028-3-0,CARA/XERPHA,PENDLETON,ADV,2018,2017,3.91,2.88,11.2,0.4,2.6,75.7,68.3,47,94.7,0.981,64.3,50.28,16.6,30.4,7.71,2.51,0.34,9.6,0.36,70.2,87.6,49,9.54,1190
92,SOFT ELITE,43,24,CLUB,DH08X028-39-0,CARA/XERPHA,FARMINGTON,PUL,2016,2015,5.54,3.6,14,,9,,,53,,,62,39.9,17.5,28,7,2.4,0.3,11.1,0.39,68.4,83.4,43.9,9.44,1270
94,CARA/XERPHA DOUBLE H,15,24,CLUB,DH08X028-39-0,CARA/XERPHA,WALLA WALLA,PUL,2016,2015,5.54,3.6,14,,6.4,65.2,95.8,52.9,89.3,1.228,62.1,38.3,16.2,28,6.8,2.4,0.3,11,0.32,70,89.9,45.9,9.31,
104,SOFT ELITE,18,40,CLUB,DH08X028-39-0,CARA/XERPHA,PENDLETON,ADV,2017,2016,5.53,2.38,13,2,7.6,68.7,94.9,54.4,94.8,1.127,61.9,32.93,15.1,33.8,8.94,2.54,0.32,8.7,0.32,64.1,82.4,39.6,9.49,
92,SOFT ELITE,17,25,CLUB,DH08X028-40-0,CARA/XERPHA,FARMINGTON,PUL,2016,2015,5.37,3.36,11.4,,7.9,,,53.4,,,56.3,36.6,19.8,22.1,6.3,2.2,0.3,12.2,0.39,69.9,85.3,48,9.4,1240
94,CARA/XERPHA DOUBLE H,96,25,CLUB,DH08X028-40-0,CARA/XERPHA,WALLA WALLA,PUL,2016,2015,5.37,3.36,11.4,,7.9,62.1,74.8,49.1,89.4,1.495,56.4,31,20.2,25.6,8.3,2.3,0.3,12.4,0.38,71.2,87.6,49.4,9.45,
104,SOFT ELITE,19,41,CLUB,DH08X028-40-0,CARA/XERPHA,PENDLETON,ADV,2017,2016,4.36,3.02,12.3,1,6.1,62.7,75.1,51.6,84.8,1.048,60.1,22.64,15.2,33,9.68,2.54,0.35,7.1,0.37,70.8,87.7,47.5,9.82,
95,SOFT ELITE,11,11,CLUB,DH08X028-40-0,CARA/XERPHA,PENDLETON,ADV,2018,2017,3.25,3.87,10.5,1.5,5.5,74.5,91.4,47,98.3,1.27,62.4,43.78,15.7,31.4,8.67,2.48,0.34,9,0.34,72.2,91.4,51.3,9.61,1170
92,SOFT ELITE,47,26,SWW,DH08X028-41-0,CARA/XERPHA,FARMINGTON,PUL,2016,2015,5.26,3.49,14.3,,10.5,,,53.2,,,60.2,34.3,17.5,30.5,8.2,2.5,0.3,10.3,0.38,68.4,84,42.5,9.13,1300
94,CARA/XERPHA DOUBLE H,16,26,SWW,DH08X028-41-0,CARA/XERPHA,WALLA WALLA,PUL,2016,2015,5.26,3.49,14.3,,9.3,64.5,105.2,52.7,92.2,1.35,60.2,35.2,16.3,30.7,8.4,2.5,0.3,10.4,0.3,69.8,90.9,44.7,9.39,
92,SOFT ELITE,13,28,CLUB,DH08X028-54-0,CARA/XERPHA,FARMINGTON,PUL,2016,2015,5.42,3.3,14.2,,6.1,,,53.4,,,61,45.2,16.6,28.1,6.4,2.5,0.3,10.7,0.32,69.7,89.5,43.1,9.31,1125
94,CARA/XERPHA DOUBLE H,22,28,CLUB,DH08X028-54-0,CARA/XERPHA,WALLA WALLA,PUL,2016,2015,5.42,3.3,14.2,,6.7,64.2,69.6,51.8,87.6,1.189,60.8,47,15.1,27.9,6.7,2.5,0.3,11.2,0.33,71.4,91,45.1,9.54,
92,SOFT ELITE,51,29,CLUB,DH08X028-58-0,CARA/XERPHA,FARMINGTON,PUL,2016,2015,4.84,3.67,12.7,,10.2,,,53.2,,,59.7,33.9,17.6,28.5,8,2.4,0.3,12.4,0.32,67.5,86.7,42.6,8.99,1205
94,CARA/XERPHA DOUBLE H,24,29,CLUB,DH08X028-58-0,CARA/XERPHA,WALLA WALLA,PUL,2016,2015,4.84,3.67,12.7,,6.1,63.6,68.4,53.4,85.7,1.326,61.3,40.8,17,30.3,8.3,2.5,0.3,11.1,0.33,71.7,91.4,44.9,9.38,
104,SOFT ELITE,20,42,CLUB,DH08X028-58-0,CARA/XERPHA,PENDLETON,ADV,2017,2016,4.81,2.75,12.4,0.6,5.8,65.6,71.6,54.8,89.1,0.771,60.8,33.92,15.3,34.8,10.1,2.61,0.31,7.4,0.35,68.1,85.5,42.6,9.6,
92,SOFT ELITE,42,30,SWW,DH08X028-64-0,CARA/XERPHA,FARMINGTON,PUL,2016,2015,4.75,3.49,12.1,,7,,,51.2,,,60,30.6,16,32.2,9.2,2.6,0.4,10.5,0.35,70,88,43.9,9.26,1020
94,CARA/XERPHA DOUBLE H,26,30,SWW,DH08X028-64-0,CARA/XERPHA,WALLA WALLA,PUL,2016,2015,4.75,3.49,12.1,,6.4,60.8,69.3,50.6,85.2,1.594,59.9,30.2,15.7,32.1,9,2.6,0.4,10.6,0.35,71.8,90.3,45.9,9.44,
92,SOFT ELITE,14,31,SWW,DH08X028-94-0,CARA/XERPHA,FARMINGTON,PUL,2016,2015,4.91,3.7,13.9,,4.4,,,51.8,,,61.1,39.7,18.5,34,9.2,2.6,0.3,9.4,0.27,68.8,91.5,44.2,9.06,1175
94,CARA/XERPHA DOUBLE H,109,31,SWW,DH08X028-94-0,CARA/XERPHA,WALLA WALLA,PUL,2016,2015,4.91,3.7,13.9,,4.4,71.4,63.6,50.9,82.2,1.582,60.8,40.5,17.7,36.3,10,2.7,0.3,9.8,0.29,70.3,92.2,44.4,9.32,
92,SOFT ELITE,12,32,SWW,DH08X102-35-1,ARS970168-2C/ID-9222407A,FARMINGTON,PUL,2016,2015,5.59,4.07,11.4,,7,,,52.5,,,59.3,27,18.5,23.7,7.4,2.3,0.3,9.4,0.38,70.2,86.3,49.8,9.4,1325
105,SOFT ELITE,1,26,CLUB,DH08X102-36-1,ARS970168-2C/ID-9222407A,PULLMAN,ADV,2017,2016,5.03,3.51,12,0.6,5.8,69.1,81.8,56.5,90.3,0.785,61.1,-1.2,17.7,35.7,8.7,2.8,0.3,5.9,0.32,70.8,90.9,51.2,9.99,
92,SOFT ELITE,11,33,SWW,DH08X102-46-1,ARS970168-2C/ID-9222407A,FARMINGTON,PUL,2016,2015,5.16,3.63,12.2,,7.6,,,52.2,,,59.8,18.7,20,28.1,7.2,2.5,0.3,8.4,0.37,68.8,85.2,47.5,9.54,1325
105,SOFT ELITE,7,49,CLUB,DH08X117-30-1,,PULLMAN,ADV,2017,2016,5.37,2.71,12.5,0.8,6.7,70.5,93.5,56.4,91.7,0.373,62.6,13,14.6,37,7.6,2.8,0.3,6.8,0.34,66,83.5,44.8,9.56,
95,SOFT ELITE,14,14,CLUB,DH08X117-30-1,,PENDLETON,ADV,2018,2017,4.13,4.04,11.6,1,5.5,81.9,99,49.6,97.3,0.616,65.1,45.96,18,32.9,9.83,2.68,0.38,8,0.33,69.5,88.6,49.6,9.35,1230
105,SOFT ELITE,3,28,CLUB,DH08X117-42-1,ID-9222407A/ARS970168-2C,PULLMAN,ADV,2017,2016,5.25,2.68,12.5,1.4,8.1,68.8,92.8,56.3,88.5,0.691,62.6,13.4,15.8,37.2,8.4,2.8,0.3,8.6,0.33,66.9,85.3,45.8,9.69,
95,SOFT ELITE,15,15,CLUB,DH08X117-42-1,ID-9222407A/ARS970168-2C,PENDLETON,ADV,2018,2017,3.57,5.05,10.4,2,7.6,80.7,118.6,47.7,108.2,1.246,65.7,34.77,16.3,34.5,9.26,2.73,0.36,9.8,0.3,70.8,92.2,52.2,9.41,1250
105,SOFT ELITE,4,29,CLUB,DH08X117-47-1,,PULLMAN,ADV,2017,2016,5.01,2.84,12.6,1.3,7,71.4,86.5,56.3,92,0.955,61.2,10.8,16.3,37.5,8.1,2.8,0.3,6.7,0.33,69.2,88.2,47.5,9.55,
92,SOFT ELITE,29,54,SWW,JASPER,J950081-0001/Brundage 96 - 2,FARMINGTON,PUL,2016,2015,5.84,4.25,12.2,,10.5,,,54,,,59.1,6.4,19.9,37.8,11.8,2.7,0.4,9.3,0.45,69,80.3,46,9.18,1305
104,SOFT ELITE,26,50,SWW,JASPER,J950081-0001/Brundage 96 - 2,PENDLETON,ADV,2017,2016,4.59,3.33,11.9,1,9.3,68.9,104.1,55,94,0.709,60.9,5.214,12.8,44.7,9.52,2.87,0.36,7.1,0.47,69.3,79.4,46.5,9.71,
107,2ND.CHANCE.PRELIMINA,15,50,SWW,JASPER,J950081-0001/Brundage 96 - 2,PENDLETON,ADV,2017,2016,4.59,3.33,11.9,1,9.6,68.4,95.4,54.5,90.6,0.613,61,7.371,13.9,44.9,10,2.89,0.41,6.9,0.4,71,86.1,47.8,9.76,
108,2ND.CHANCE.PRELIMINA,12,50,SWW,JASPER,J950081-0001/Brundage 96 - 2,PULLMAN,ADV,2017,2016,4.59,3.33,11.9,1,7,65.1,80.4,55.4,86,0.643,61.7,1.1,18.2,48.6,12.5,3.1,0.4,8.4,0.37,71.5,88.6,46.2,9.89,
95,SOFT ELITE,60,68,SWW,JASPER,J950081-0001/Brundage 96 - 2,PENDLETON,ADV,2018,2017,3.45,3.46,10.2,1.6,8.1,58.5,80.8,46.1,94.6,1.044,62.7,15.82,14.6,44.5,10.6,2.87,0.42,8.6,0.38,70.1,86.2,49.6,9.39,1275
111,SOFT ELITE,65,67,SWW,JASPER,J950081-0001/Brundage 96 - 2,PENDLETON,ADV,2019,2018,4.03,6.04,9.67,-9,10.2,,,52.8,,1.212,62.4,7.168,14.6,44.5,12.9,2.75,0.42,8.2,0.4,72.3,87.7,53.6,9.11,1235
112,UNREPLICATED,38,71,SWW,JASPER,J950081-0001/Brundage 96 - 2,PULLMAN,ADV,2019,2018,3.5,4.92,8.86,-9,11.6,,,51.4,,0.91,63.1,5.972,14.5,43.6,10.6,2.76,0.37,8.9,0.38,71.8,88.3,54.6,9.3,
112,UNREPLICATED,38,69,SWW,JASPER,J950081-0001/Brundage 96 - 2,PULLMAN,ADV,2019,2018,4.56,6.36,9.73,-9,11.6,,,51.4,,0.91,63.1,5.972,14.5,43.6,10.6,2.76,0.37,8.9,0.38,71.8,88.3,54.6,9.3,
112,UNREPLICATED,38,65,SWW,JASPER,J950081-0001/Brundage 96 - 2,PULLMAN,ADV,2019,2018,4.12,5.67,10.6,-9,11.6,,,51.4,,0.91,63.1,5.972,14.5,43.6,10.6,2.76,0.37,8.9,0.38,71.8,88.3,54.6,9.3,
111,SOFT ELITE,60,60,SWW,LCS-HULK,,PENDLETON,ADV,2019,2018,4.76,6.01,11.9,-9,11.9,,,54.7,,1.223,62.9,20.58,12,41,9.39,2.77,0.36,8.3,0.46,71.2,82.5,49.6,8.8,1215
111,SOFT ELITE,61,61,SWW,NW-DUET,,PENDLETON,ADV,2019,2018,4.29,6.44,12.6,-9,7.3,,,55.5,,0.899,63.8,35.83,18.1,43.1,10.8,2.79,0.37,9.1,0.41,69.7,83.8,50.1,8.82,1200
92,SOFT ELITE,49,34,SWW,OTTO,Eltan//Madsen/Eltan///Eltan,FARMINGTON,PUL,2016,2015,5.93,3.82,11.7,,13.1,,,54.6,,,59.9,22.1,18.7,31.8,9.3,2.5,0.4,8.8,0.33,67.6,86.2,45.8,9.3,1325
111,SOFT ELITE,62,62,SWW,OTTO,Eltan//Madsen/Eltan///Eltan,PENDLETON,ADV,2019,2018,3.97,5.83,11,-9,10.2,,,54.9,,0.637,62.2,23.23,15.8,35.8,9.28,2.54,0.36,8.1,0.41,69.6,83.6,52,8.74,1255
92,SOFT ELITE,5,6,CLUB,PRITCHETT,3J030235-1//Bruehl -1 -4,FARMINGTON,PUL,2016,2015,5.18,3.9,12.3,,4.7,,,51.2,,,59.8,22.3,16.3,32.5,7.8,2.5,0.3,9.3,0.4,70.6,85.5,46.5,9.65,1350
104,SOFT ELITE,27,51,CLUB,PRITCHETT,3J030235-1//Bruehl -1 -4,PENDLETON,ADV,2017,2016,4.7,3.13,13,0.6,4.7,64.5,63,51.3,88.1,0.832,60.6,19.49,13.1,36.5,9.7,2.59,0.34,7.5,0.37,70.3,87.1,45.4,9.79,
105,SOFT ELITE,10,51,CLUB,PRITCHETT,3J030235-1//Bruehl -1 -4,PULLMAN,ADV,2017,2016,4.7,3.13,13,0.6,4.7,64.2,67.6,58.3,86.3,0.698,61,11.6,15.2,40.4,10.9,2.7,0.4,7.5,0.36,69.1,86.2,44.4,9.79,
107,2ND.CHANCE.PRELIMINA,16,51,CLUB,PRITCHETT,3J030235-1//Bruehl -1 -4,PENDLETON,ADV,2017,2016,4.7,3.13,13,0.6,5.8,63.5,65.6,53.1,83.1,0.754,59.8,19.49,13.5,37,8.37,2.63,0.34,6.2,0.4,71.2,86.3,46.3,9.92,
95,SOFT ELITE,61,74,CLUB,PRITCHETT,3J030235-1//Bruehl -1 -4,PENDLETON,ADV,2018,2017,4.19,3.7,12.2,0.2,4.1,57.1,60.8,48,95.8,0.976,61.7,30.63,13.4,35.9,8.4,2.59,0.34,7.5,0.36,70.6,88.1,49.5,9.45,1250
97,RHT1 UNREPLICATED,116,74,CLUB,PRITCHETT,3J030235-1//Bruehl -1 -4,PULLMAN,ADV,2018,2017,3.39,4.99,12.3,0.5,5,61.3,83.6,48.1,98.2,0.889,61.6,21.51,17,32.5,10.4,2.46,0.4,8.3,0.47,75.4,87.2,54.3,9.54,
98,RHT2 UNREPLICATED,26,74,CLUB,PRITCHETT,3J030235-1//Bruehl -1 -4,PULLMAN,ADV,2018,2017,3.65,3.87,10.7,0.4,5,62.2,84.1,50.8,71.1,1.028,58.6,17.21,14.9,32.1,9.18,2.42,0.32,10.4,0.43,69.1,81.7,49.8,9.44,
98,RHT2 UNREPLICATED,26,74,CLUB,PRITCHETT,3J030235-1//Bruehl -1 -4,PULLMAN,ADV,2018,2017,3.13,6.64,9.29,0.5,5,62.2,84.1,50.8,71.1,1.028,58.6,17.21,14.9,32.1,9.18,2.42,0.32,10.4,0.43,69.1,81.7,49.8,9.44,
98,RHT2 UNREPLICATED,26,74,CLUB,PRITCHETT,3J030235-1//Bruehl -1 -4,PULLMAN,ADV,2018,2017,4.18,3.25,12.3,0.5,5,62.2,84.1,50.8,71.1,1.028,58.6,17.21,14.9,32.1,9.18,2.42,0.32,10.4,0.43,69.1,81.7,49.8,9.44,
95,CLUB WHEAT SAMPLES T,2,66,CLUB,PRITCHETT,3J030235-1//Bruehl -1 -4,PULLMAN,ADV,2019,2018,3.52,6.33,10.9,-9,5,65.1,70.7,53.3,71.6,,62.3,25.43,13,38.3,8.19,2.64,0.34,8.7,0.43,70.2,83.1,51.1,9.55,1250
112,UNREPLICATED,37,68,CLUB,PRITCHETT,3J030235-1//Bruehl -1 -4,PULLMAN,ADV,2019,2018,3.89,6.27,11.6,-9,5,,,51.4,,1.003,62,24.36,16.6,37.3,10.8,2.55,0.38,7.9,0.39,70.7,86.3,53.1,9.52,
112,UNREPLICATED,37,72,CLUB,PRITCHETT,3J030235-1//Bruehl -1 -4,PULLMAN,ADV,2019,2018,3.99,5.91,11.8,-9,5,,,51.4,,1.003,62,24.36,16.6,37.3,10.8,2.55,0.38,7.9,0.39,70.7,86.3,53.1,9.52,
111,SOFT ELITE,63,63,SWW,ROSALYN,NSL 99-4160/Tubbs,PENDLETON,ADV,2019,2018,3.93,6.24,11.5,-9,7.3,,,54.2,,1.745,62.2,20.41,14.5,43.3,10.8,2.81,0.41,7.6,0.49,69.5,78.4,50.2,8.98,1250
112,UNREPLICATED,39,63,SWW,ROSALYN,NSL 99-4160/Tubbs,PULLMAN,ADV,2019,2018,3.93,6.24,11.5,-9,8.7,,,55.2,,1.273,61.7,22.92,12.9,42.6,8.84,2.85,0.37,8.3,0.4,68.7,83.1,50.2,8.96,
111,SOFT ELITE,1,1,SWW,STEPHENS,"Nord Desprez/Pullman Sel. 101, CItr13438",PENDLETON,ADV,2019,2018,3.82,5.5,11.9,-9,8.1,,,54.4,,0.712,62.2,17.37,17.8,47.9,11.9,2.93,0.43,7.9,0.38,69.5,85.4,48.9,9.2,1245
112,UNREPLICATED,40,1,SWW,STEPHENS,"Nord Desprez/Pullman Sel. 101, CItr13438",PULLMAN,ADV,2019,2018,3.82,5.5,11.9,-9,10.5,,,55.1,,0.584,60.7,27.51,15.8,41,12.2,2.75,0.42,9.8,0.4,69.7,84.4,48.7,8.99,
111,SOFT ELITE,64,64,SWW,SY-COMMAND,,PENDLETON,ADV,2019,2018,3.51,6.8,11.4,-9,7.6,,,54.3,,1.89,60.8,22.66,17,40,9.16,2.67,0.41,7.4,0.38,69.7,85.7,51.1,9.02,1195
92,SOFT ELITE,45,37,CLUB,X040335-9-1,,FARMINGTON,PUL,2016,2015,5.49,3.98,13.2,,5.8,,,53.2,,,59.6,21.5,19.3,29.4,8.4,2.4,0.3,10.1,0.34,72.2,91.4,48.5,9.76,1320
92,SOFT ELITE,48,38,CLUB,X050227-0-0-3,,FARMINGTON,PUL,2016,2015,5.65,4.09,13.8,,6.7,,,51.2,,,61.3,23.2,17.1,31.7,8.6,2.6,0.3,9.8,0.34,69.6,88.1,45.3,9.64,1275
92,SOFT ELITE,40,39,CLUB,X060192-0-7C,Coda/P98134B3-1-4-6(BYDV2))//2*Coda///TA3516/4/Coda,FARMINGTON,PUL,2016,2015,5.99,4.15,12.6,,7.3,,,51.7,,,62.4,33.1,14.2,29.6,7.7,2.6,0.3,11.4,0.36,68.2,85,46.1,9.25,1280
92,SOFT ELITE,1,40,CLUB,X06130-38C,NY89066-7131/GA 931233-E17//CHUKAR,FARMINGTON,PUL,2016,2015,4.98,3.96,12.8,,6.4,,,52.2,,,61,34,16.7,29.9,8.3,2.6,0.3,9.2,0.32,69,88.6,45,9.29,1265
92,SOFT ELITE,38,42,CLUB,X06134-57C,NY89066-7131/M99*3098//CHUKAR,FARMINGTON,PUL,2016,2015,5.22,3.58,11.7,,10.5,,,52.9,,,57.8,24.6,19.4,23.5,6.9,2.3,0.3,11.2,0.35,70.2,88.2,48.4,9.44,1275
104,SOFT ELITE,22,44,CLUB,X06134-57C,NY89066-7131/M99*3098//CHUKAR,PENDLETON,ADV,2017,2016,5.04,2.7,12.1,1.4,7.9,61.6,88,50.6,84.2,0.877,61.5,16.26,12.8,32.2,7.78,2.58,0.28,6.9,0.34,69.4,87.8,48.3,9.91,
92,SOFT ELITE,26,43,CLUB,X06135-9C,NY89066-7131/NC00-15332//CHUKAR,FARMINGTON,PUL,2016,2015,5.39,3.47,14.1,,6.1,,,49.2,,,61.7,38.2,17.5,28.3,6.9,2.5,0.3,10.8,0.34,69.5,88,44,9.57,1200
92,SOFT ELITE,2,44,CLUB,X06136-49C,NY89066-7131/NC00-15332//CHUKAR,FARMINGTON,PUL,2016,2015,4.95,4.05,12.8,,4.7,,,53.8,,,61.2,27.2,15.4,29.9,7.2,2.6,0.3,9,0.32,69.2,88.9,46.2,9.66,1275
104,SOFT ELITE,23,45,CLUB,X06136-49C,NY89066-7131/NC00-15332//CHUKAR,PENDLETON,ADV,2017,2016,5.09,2.7,13.3,0.5,4.4,64.6,64.6,52.9,85.3,0.782,61.3,24.93,13.2,32.7,7.7,2.64,0.33,6.5,0.35,68.5,86.1,46.1,9.85,
92,SOFT ELITE,18,46,SWW,X070048-0-0-5L,ARS960277L/MSU Line E1007-W,FARMINGTON,PUL,2016,2015,4.9,3.66,12,,9,,,55.9,,,57.7,17.3,18.8,32,9.9,2.5,0.4,9.5,0.4,70.4,85.3,46.3,8.91,1270
92,SOFT ELITE,19,48,CLUB,X20060121-0-47C,NY89066-7131/AW D00*6874//CHUKAR,FARMINGTON,PUL,2016,2015,5.12,3.66,12.6,,6.7,,,52.5,,,60.6,30,15.8,31,6.3,2.6,0.3,10.2,0.3,68,88.6,44.8,9.55,1265
93,2ND CHANCE PRELIMINA,32,48,CLUB,X20060121-0-47C,NY89066-7131/AW D00*6874//CHUKAR,PULLMAN,PUL,2016,2015,5.12,3.66,12.6,,7.6,65.2,78.8,53.8,86,1.096,60.3,28,14.7,30.4,7.1,2.6,0.3,10.5,0.3,69.8,90.9,45.5,9.47,
105,SOFT ELITE,6,48,CLUB,X20060124-0-16C,NY89066-7131/B980696//CHUKAR,PULLMAN,ADV,2017,2016,5.32,2.72,13.3,0.6,5.3,68.7,74.9,59.1,90.2,0.763,61.9,24.8,15.3,38.3,9.8,2.7,0.4,6.5,0.31,68,88,45.9,9.61,
92,SOFT ELITE,20,50,CLUB,X20060124-0-21C,NY89066-7131/B980696//CHUKAR,FARMINGTON,PUL,2016,2015,5.5,4.1,12.6,,9.3,,,54.9,,,60.6,29.2,18.1,27.2,6.9,2.4,0.3,9.9,0.39,71.4,87.2,46.9,9.5,1250
104,SOFT ELITE,24,46,CLUB,X20060124-0-21C,NY89066-7131/B980696//CHUKAR,PENDLETON,ADV,2017,2016,5.17,2.74,13.5,1.5,8.1,64.7,101.1,52.9,87.8,0.831,62.3,19.45,15.2,34.4,8.31,2.56,0.33,7.5,0.32,69.6,89.4,46.1,9.85,
92,SOFT ELITE,15,52,CLUB,X20060126-0-35C,NY89066-7131/G/F 951208-2E35//CHUKAR,FARMINGTON,PUL,2016,2015,5.48,3.29,12.3,,8.1,,,54.6,,,57.7,31.7,17.9,25.9,7.1,2.4,0.3,11.9,0.38,66.7,81.8,43.8,8.93,1250
92,SOFT ELITE,31,53,SWW,X20060194-0-10L,Coda/P98134B3-1-4-6(BYDV2))//2*Coda///TA3516/4/Coda,FARMINGTON,PUL,2016,2015,4.98,3.93,13.3,,6.1,,,53.6,,,59.4,30.6,15.8,30.8,7.7,2.6,0.3,10.6,0.35,68.8,86.4,45.6,9,1240
